" AUTHID","TAXYEAR","MILLLEVY","CREDITLEVY","GROUPID","NAME"
"ABATEMENT","2025","0.001",,"0514","ABATEMENT"
"ABATEMENT","2025","0.136",,"0518","ABATEMENT"
"ABATEMENT","2025","0.095",,"0512","ABATEMENT"
"ABATEMENT","2025","0.002",,"0516","ABATEMENT"
"ABATEMENT","2025","0.068",,"0517","ABATEMENT"
"ABATEMENT","2025","0.111",,"0527","ABATEMENT"
"ABATEMENT","2025","0.001",,"0911","ABATEMENT"
"ABATEMENT","2025","0.014",,"0700","ABATEMENT"
"ABATEMENT","2025","0.005",,"1050","ABATEMENT"
"ABATEMENT","2025","0.000",,"0201","ABATEMENT"
"ABATEMENT","2025","0.000",,"0202","ABATEMENT"
"ABATEMENT","2025","0.000",,"0203","ABATEMENT"
"ABATEMENT","2025","0.000",,"0204","ABATEMENT"
"ABATEMENT","2025","0.000",,"0205","ABATEMENT"
"ABATEMENT","2025","0.000",,"0206","ABATEMENT"
"ABATEMENT","2025","0.000",,"0208","ABATEMENT"
"ABATEMENT","2025","0.000",,"0209","ABATEMENT"
"ABATEMENT","2025","0.000",,"0213","ABATEMENT"
"ABATEMENT","2025","0.000",,"0214","ABATEMENT"
"ABATEMENT","2025","0.000",,"0215","ABATEMENT"
"ABATEMENT","2025","0.000",,"0216","ABATEMENT"
"ABATEMENT","2025","0.000",,"0217","ABATEMENT"
"ABATEMENT","2025","0.005",,"0302","ABATEMENT"
"ABATEMENT","2025","0.004",,"0309","ABATEMENT"
"ABATEMENT","2025","0.152",,"0313","ABATEMENT"
"ABATEMENT","2025","0.029",,"0402","ABATEMENT"
"ABATEMENT","2025","0.014",,"0401","ABATEMENT"
"ABATEMENT","2025","0.022",,"0423","ABATEMENT"
"ABATEMENT","2025","0.049",,"0418","ABATEMENT"
"ABATEMENT","2025","0.048",,"0434","ABATEMENT"
"ABATEMENT","2025","0.057",,"0502","ABATEMENT"
"ABATEMENT","2025","0.004",,"0506","ABATEMENT"
"ABATEMENT","2025","0.001",,"0509","ABATEMENT"
"BOND","2025","1.227",,"0421","BOND"
"BOND","2025","15.966",,"0413","BOND"
"BOND","2025","3.357",,"0419","BOND"
"BOND","2025","1.399",,"0407","BOND"
"BOND","2025","1.949",,"0404","BOND"
"BOND","2025","0.520",,"0302","BOND"
"BOND","2025","0.000",,"0217","BOND"
"BOND","2025","0.000",,"0216","BOND"
"BOND","2025","0.000",,"0215","BOND"
"BOND","2025","0.000",,"0214","BOND"
"BOND","2025","0.000",,"0213","BOND"
"BOND","2025","0.000",,"0209","BOND"
"BOND","2025","0.000",,"0208","BOND"
"BOND","2025","0.000",,"0210","BOND"
"BOND","2025","0.000",,"0211","BOND"
"BOND","2025","0.000",,"0206","BOND"
"BOND","2025","0.000",,"0207","BOND"
"BOND","2025","0.000",,"0205","BOND"
"BOND","2025","0.000",,"0204","BOND"
"BOND","2025","0.000",,"0203","BOND"
"BOND","2025","0.000",,"0202","BOND"
"BOND","2025","0.000",,"0201","BOND"
"BOND","2025","50.000",,"1637","BOND"
"BOND","2025","36.800",,"1640","BOND"
"BOND","2025","0.000",,"1653","BOND"
"BOND","2025","55.371",,"1659","BOND"
"BOND","2025","56.308",,"1652","BOND"
"BOND","2025","50.000",,"1662","BOND"
"BOND","2025","45.000",,"1664","BOND"
"BOND","2025","46.000",,"1666","BOND"
"BOND","2025","54.911",,"1668","BOND"
"BOND","2025","37.818",,"1675","BOND"
"BOND","2025","0.000",,"1681","BOND"
"BOND","2025","59.074",,"1685","BOND"
"BOND","2025","45.295",,"1694","BOND"
"BOND","2025","26.851",,"1695","BOND"
"BOND","2025","45.356",,"1706","BOND"
"BOND","2025","5.370",,"1713","BOND"
"BOND","2025","57.262",,"1731","BOND"
"BOND","2025","42.963",,"1736","BOND"
"BOND","2025","45.613",,"1714","BOND"
"BOND","2025","59.073",,"1751","BOND"
"BOND","2025","50.000",,"1753","BOND"
"BOND","2025","41.168",,"1756","BOND"
"BOND","2025","16.111",,"1758","BOND"
"BOND","2025","49.925",,"1770","BOND"
"BOND","2025","49.981",,"1771","BOND"
"BOND","2025","48.904",,"1772","BOND"
"BOND","2025","35.133",,"1776","BOND"
"BOND","2025","40.006",,"1788","BOND"
"BOND","2025","63.679",,"1800","BOND"
"BOND","2025","48.637",,"1773","BOND"
"BOND","2025","40.006",,"1787","BOND"
"BOND","2025","35.341",,"1795","BOND"
"BOND","2025","59.681",,"1797","BOND"
"BOND","2025","32.000",,"1831","BOND"
"BOND","2025","50.000",,"0995","BOND"
"BOND","2025","10.350",,"1303","BOND"
"BOND","2025","6.145",,"1304","BOND"
"BOND","2025","9.732",,"1306","BOND"
"BOND","2025","23.900",,"1307","BOND"
"BOND","2025","34.604",,"1311","BOND"
"BOND","2025","54.190",,"1312","BOND"
"BOND","2025","22.000",,"1315","BOND"
"BOND","2025","23.588",,"1322","BOND"
"BOND","2025","69.744",,"1326","BOND"
"BOND","2025","62.614",,"1329","BOND"
"BOND","2025","67.317",,"1330","BOND"
"BOND","2025","69.712",,"1325","BOND"
"BOND","2025","55.712",,"1334","BOND"
"BOND","2025","59.530",,"1335","BOND"
"BOND","2025","29.119",,"1337","BOND"
"BOND","2025","43.400",,"1338","BOND"
"BOND","2025","27.001",,"1339","BOND"
"BOND","2025","21.481",,"1340","BOND"
"BOND","2025","28.302",,"1341","BOND"
"BOND","2025","47.500",,"1342","BOND"
"BOND","2025","59.336",,"1344","BOND"
"BOND","2025","60.943",,"1346","BOND"
"BOND","2025","15.500",,"1348","BOND"
"BOND","2025","40.000",,"1354","BOND"
"BOND","2025","58.076",,"1357","BOND"
"BOND","2025","40.862",,"1355","BOND"
"BOND","2025","59.060",,"1369","BOND"
"BOND","2025","38.695",,"1386","BOND"
"BOND","2025","62.385",,"1387","BOND"
"BOND","2025","40.600",,"1379","BOND"
"BOND","2025","62.542",,"1397","BOND"
"BOND","2025","57.129",,"1398","BOND"
"BOND","2025","47.907",,"1400","BOND"
"BOND","2025","33.000",,"1401","BOND"
"BOND","2025","2.424",,"0911","BOND"
"BOND","2025","0.000",,"0528","BOND"
"BOND","2025","0.000",,"0529","BOND"
"BOND","2025","0.000",,"0530","BOND"
"BOND","2025","0.000",,"0531","BOND"
"BOND","2025","0.000",,"0532","BOND"
"BOND","2025","0.000",,"0533","BOND"
"BOND","2025","35.000",,"1412","BOND"
"BOND","2025","35.000",,"1414","BOND"
"BOND","2025","35.000",,"1413","BOND"
"BOND","2025","35.000",,"1419","BOND"
"BOND","2025","18.614",,"1423","BOND"
"BOND","2025","63.143",,"1434","BOND"
"BOND","2025","50.202",,"1435","BOND"
"BOND","2025","51.291",,"1436","BOND"
"BOND","2025","55.037",,"1439","BOND"
"BOND","2025","26.830",,"1444","BOND"
"BOND","2025","21.481",,"1445","BOND"
"BOND","2025","28.000",,"1446","BOND"
"BOND","2025","53.431",,"1448","BOND"
"BOND","2025","53.704",,"1452","BOND"
"BOND","2025","11.814",,"1453","BOND"
"BOND","2025","61.521",,"1454","BOND"
"BOND","2025","61.161",,"1455","BOND"
"BOND","2025","50.844",,"1457","BOND"
"BOND","2025","61.475",,"1456","BOND"
"BOND","2025","47.069",,"1463","BOND"
"BOND","2025","5.638",,"1464","BOND"
"BOND","2025","58.213",,"1469","BOND"
"BOND","2025","48.234",,"1474","BOND"
"BOND","2025","25.646",,"1479","BOND"
"BOND","2025","0.000",,"1489","BOND"
"BOND","2025","40.006",,"1477","BOND"
"BOND","2025","43.076",,"1478","BOND"
"BOND","2025","41.803",,"1497","BOND"
"BOND","2025","25.000",,"1499","BOND"
"BOND","2025","63.680",,"1500","BOND"
"BOND","2025","33.355",,"1506","BOND"
"BOND","2025","33.352",,"1505","BOND"
"BOND","2025","63.564",,"1510","BOND"
"BOND","2025","61.752",,"1512","BOND"
"BOND","2025","55.685",,"1514","BOND"
"BOND","2025","50.944",,"1515","BOND"
"BOND","2025","49.771",,"1516","BOND"
"BOND","2025","28.060",,"1518","BOND"
"BOND","2025","50.000",,"1521","BOND"
"BOND","2025","36.526",,"1525","BOND"
"BOND","2025","36.790",,"1523","BOND"
"BOND","2025","38.008",,"1524","BOND"
"BOND","2025","46.962",,"1544","BOND"
"BOND","2025","62.477",,"1549","BOND"
"BOND","2025","63.182",,"1550","BOND"
"BOND","2025","62.489",,"1551","BOND"
"BOND","2025","47.242",,"1557","BOND"
"BOND","2025","63.680",,"1555","BOND"
"BOND","2025","36.914",,"1556","BOND"
"BOND","2025","39.982",,"1566","BOND"
"BOND","2025","35.000",,"1575","BOND"
"BOND","2025","63.246",,"1576","BOND"
"BOND","2025","48.320",,"1581","BOND"
"BOND","2025","46.774",,"1584","BOND"
"BOND","2025","48.336",,"1582","BOND"
"BOND","2025","48.335",,"1583","BOND"
"BOND","2025","29.604",,"1594","BOND"
"BOND","2025","50.724",,"1593","BOND"
"BOND","2025","62.930",,"1596","BOND"
"BOND","2025","62.963",,"1597","BOND"
"BOND","2025","63.035",,"1598","BOND"
"BOND","2025","63.296",,"1599","BOND"
"BOND","2025","61.721",,"1600","BOND"
"BOND","2025","64.155",,"1601","BOND"
"BOND","2025","55.067",,"1622","BOND"
"BOND","2025","63.471",,"1607","BOND"
"BOND","2025","57.090",,"1632","BOND"
"BOND","2025","62.775",,"1633","BOND"
"BOND","2025","32.222",,"1634","BOND"
"CAPITALEXP","2025","1.000",,"0516","CAPITAL EXP"
"CAPITALEXP","2025","0.114",,"0514","CAPITAL EXP"
"CAPITALEXP","2025","50.000",,"1309","CAPITAL EXP"
"CAPITALEXP","2025","40.000",,"1635","CAPITAL EXP"
"CAPITALEXP","2025","4.445",,"0100","CAPITAL EXP"
"CAPITALEXP","2025","1.000",,"0301","CAPITAL EXP"
"CAPITALEXP","2025","4.000",,"0404","CAPITAL EXP"
"CAPITALEXP","2025","4.000",,"0431","CAPITAL EXP"
"CAPITALEXP","2025","1.969",,"0510","CAPITAL EXP"
"CAPITALEXP","2025","1.194",,"0502","CAPITAL EXP"
"CONTRACTUAL","2025","0.326",,"0501","CONTRACTUAL"
"CONTRACTUAL","2025","1.659",,"0507","CONTRACTUAL"
"CONTRACTUAL","2025","9.000",,"0313","CONTRACTUAL"
"CONTRACTUAL","2025","3.046",,"1755","CONTRACTUAL"
"CONTRACTUAL","2025","0.908",,"0309","CONTRACTUAL"
"CONTRACTUAL","2025","3.000",,"1635","CONTRACTUAL"
"CONTRACTUAL","2025","59.253",,"1638","CONTRACTUAL"
"CONTRACTUAL","2025","34.479",,"1641","CONTRACTUAL"
"CONTRACTUAL","2025","18.769",,"1652","CONTRACTUAL"
"CONTRACTUAL","2025","3.322",,"1659","CONTRACTUAL"
"CONTRACTUAL","2025","75.077",,"1650","CONTRACTUAL"
"CONTRACTUAL","2025","75.077",,"1651","CONTRACTUAL"
"CONTRACTUAL","2025","59.075",,"1682","CONTRACTUAL"
"CONTRACTUAL","2025","61.794",,"1683","CONTRACTUAL"
"CONTRACTUAL","2025","50.403",,"1680","CONTRACTUAL"
"CONTRACTUAL","2025","50.539",,"1672","CONTRACTUAL"
"CONTRACTUAL","2025","36.334",,"1673","CONTRACTUAL"
"CONTRACTUAL","2025","3.294",,"1668","CONTRACTUAL"
"CONTRACTUAL","2025","53.221",,"1670","CONTRACTUAL"
"CONTRACTUAL","2025","50.378",,"1671","CONTRACTUAL"
"CONTRACTUAL","2025","3.408",,"1666","CONTRACTUAL"
"CONTRACTUAL","2025","20.000",,"1663","CONTRACTUAL"
"CONTRACTUAL","2025","3.222",,"1698","CONTRACTUAL"
"CONTRACTUAL","2025","42.920",,"1715","CONTRACTUAL"
"CONTRACTUAL","2025","23.034",,"1699","CONTRACTUAL"
"CONTRACTUAL","2025","59.074",,"1684","CONTRACTUAL"
"CONTRACTUAL","2025","61.456",,"1851","CONTRACTUAL"
"CONTRACTUAL","2025","61.970",,"1825","CONTRACTUAL"
"CONTRACTUAL","2025","45.000",,"1769","CONTRACTUAL"
"CONTRACTUAL","2025","40.963",,"1765","CONTRACTUAL"
"CONTRACTUAL","2025","41.883",,"1766","CONTRACTUAL"
"CONTRACTUAL","2025","45.000",,"1767","CONTRACTUAL"
"CONTRACTUAL","2025","45.000",,"1768","CONTRACTUAL"
"CONTRACTUAL","2025","13.962",,"1758","CONTRACTUAL"
"CONTRACTUAL","2025","28.000",,"1757","CONTRACTUAL"
"CONTRACTUAL","2025","29.510",,"1759","CONTRACTUAL"
"CONTRACTUAL","2025","29.850",,"1760","CONTRACTUAL"
"CONTRACTUAL","2025","27.389",,"1761","CONTRACTUAL"
"CONTRACTUAL","2025","27.375",,"1762","CONTRACTUAL"
"CONTRACTUAL","2025","47.901",,"1763","CONTRACTUAL"
"CONTRACTUAL","2025","41.888",,"1764","CONTRACTUAL"
"CONTRACTUAL","2025","59.074",,"1750","CONTRACTUAL"
"CONTRACTUAL","2025","59.074",,"1749","CONTRACTUAL"
"CONTRACTUAL","2025","44.608",,"1733","CONTRACTUAL"
"CONTRACTUAL","2025","11.613",,"1304","CONTRACTUAL"
"CONTRACTUAL","2025","4.240",,"1303","CONTRACTUAL"
"CONTRACTUAL","2025","3.000",,"1401","CONTRACTUAL"
"CONTRACTUAL","2025","3.000",,"1400","CONTRACTUAL"
"CONTRACTUAL","2025","3.000",,"1379","CONTRACTUAL"
"CONTRACTUAL","2025","49.978",,"1374","CONTRACTUAL"
"CONTRACTUAL","2025","52.625",,"1375","CONTRACTUAL"
"CONTRACTUAL","2025","56.466",,"1376","CONTRACTUAL"
"CONTRACTUAL","2025","56.466",,"1377","CONTRACTUAL"
"CONTRACTUAL","2025","52.505",,"1372","CONTRACTUAL"
"CONTRACTUAL","2025","50.071",,"1373","CONTRACTUAL"
"CONTRACTUAL","2025","43.000",,"1352","CONTRACTUAL"
"CONTRACTUAL","2025","11.506",,"1634","CONTRACTUAL"
"CONTRACTUAL","2025","16.379",,"1633","CONTRACTUAL"
"CONTRACTUAL","2025","10.353",,"1632","CONTRACTUAL"
"CONTRACTUAL","2025","50.167",,"1609","CONTRACTUAL"
"CONTRACTUAL","2025","53.845",,"1610","CONTRACTUAL"
"CONTRACTUAL","2025","50.441",,"1611","CONTRACTUAL"
"CONTRACTUAL","2025","10.537",,"1594","CONTRACTUAL"
"CONTRACTUAL","2025","11.217",,"1583","CONTRACTUAL"
"CONTRACTUAL","2025","11.788",,"1582","CONTRACTUAL"
"CONTRACTUAL","2025","12.894",,"1584","CONTRACTUAL"
"CONTRACTUAL","2025","3.000",,"1585","CONTRACTUAL"
"CONTRACTUAL","2025","11.658",,"1581","CONTRACTUAL"
"CONTRACTUAL","2025","12.596",,"1579","CONTRACTUAL"
"CONTRACTUAL","2025","12.455",,"1577","CONTRACTUAL"
"CONTRACTUAL","2025","3.000",,"1575","CONTRACTUAL"
"CONTRACTUAL","2025","3.339",,"1556","CONTRACTUAL"
"CONTRACTUAL","2025","3.000",,"1557","CONTRACTUAL"
"CONTRACTUAL","2025","3.000",,"1544","CONTRACTUAL"
"CONTRACTUAL","2025","3.778",,"1521","CONTRACTUAL"
"CONTRACTUAL","2025","28.060",,"1519","CONTRACTUAL"
"CONTRACTUAL","2025","53.704",,"1502","CONTRACTUAL"
"CONTRACTUAL","2025","33.354",,"1504","CONTRACTUAL"
"CONTRACTUAL","2025","48.125",,"1475","CONTRACTUAL"
"CONTRACTUAL","2025","47.917",,"1473","CONTRACTUAL"
"CONTRACTUAL","2025","3.222",,"1472","CONTRACTUAL"
"CONTRACTUAL","2025","3.222",,"1464","CONTRACTUAL"
"CONTRACTUAL","2025","49.548",,"1467","CONTRACTUAL"
"CONTRACTUAL","2025","59.065",,"1468","CONTRACTUAL"
"CONTRACTUAL","2025","3.780",,"1463","CONTRACTUAL"
"CONTRACTUAL","2025","63.680",,"1451","CONTRACTUAL"
"CONTRACTUAL","2025","10.732",,"1444","CONTRACTUAL"
"CONTRACTUAL","2025","35.200",,"1441","CONTRACTUAL"
"CONTRACTUAL","2025","35.522",,"1442","CONTRACTUAL"
"CONTRACTUAL","2025","26.416",,"1443","CONTRACTUAL"
"CONTRACTUAL","2025","5.000",,"1436","CONTRACTUAL"
"CONTRACTUAL","2025","5.000",,"1435","CONTRACTUAL"
"CONTRACTUAL","2025","5.000",,"1434","CONTRACTUAL"
"CONTRACTUAL","2025","5.000",,"1433","CONTRACTUAL"
"CONTRACTUAL","2025","48.023",,"1427","CONTRACTUAL"
"CONTRACTUAL","2025","18.614",,"1424","CONTRACTUAL"
"CONTRACTUAL","2025","50.042",,"1405","CONTRACTUAL"
"CONTRACTUAL","2025","50.020",,"1406","CONTRACTUAL"
"CONTRACTUAL","2025","51.784",,"1408","CONTRACTUAL"
"GENERAL","2025","10.356",,"1408","GENERAL"
"GENERAL","2025","10.740",,"1407","GENERAL"
"GENERAL","2025","10.004",,"1406","GENERAL"
"GENERAL","2025","10.008",,"1405","GENERAL"
"GENERAL","2025","10.000",,"1414","GENERAL"
"GENERAL","2025","0.000",,"1415","GENERAL"
"GENERAL","2025","0.000",,"1416","GENERAL"
"GENERAL","2025","0.000",,"1417","GENERAL"
"GENERAL","2025","0.000",,"1418","GENERAL"
"GENERAL","2025","10.000",,"1412","GENERAL"
"GENERAL","2025","0.000",,"1409","GENERAL"
"GENERAL","2025","72.056",,"1410","GENERAL"
"GENERAL","2025","2.912",,"1424","GENERAL"
"GENERAL","2025","6.000",,"1426","GENERAL"
"GENERAL","2025","2.912",,"1423","GENERAL"
"GENERAL","2025","10.000",,"1419","GENERAL"
"GENERAL","2025","0.000",,"1422","GENERAL"
"GENERAL","2025","10.000",,"1413","GENERAL"
"GENERAL","2025","10.730",,"1427","GENERAL"
"GENERAL","2025","53.703",,"1428","GENERAL"
"GENERAL","2025","62.793",,"1429","GENERAL"
"GENERAL","2025","64.227",,"1430","GENERAL"
"GENERAL","2025","62.793",,"1431","GENERAL"
"GENERAL","2025","62.793",,"1432","GENERAL"
"GENERAL","2025","60.236",,"1433","GENERAL"
"GENERAL","2025","-27.089",,"1433","GENERAL"
"GENERAL","2025","12.628",,"1434","GENERAL"
"GENERAL","2025","10.040",,"1435","GENERAL"
"GENERAL","2025","-3.571",,"1435","GENERAL"
"GENERAL","2025","10.258",,"1436","GENERAL"
"GENERAL","2025","-0.649",,"1436","GENERAL"
"GENERAL","2025","7.000",,"1437","GENERAL"
"GENERAL","2025","7.000",,"1438","GENERAL"
"GENERAL","2025","9.610",,"1439","GENERAL"
"GENERAL","2025","-0.397",,"1439","GENERAL"
"GENERAL","2025","0.000",,"1440","GENERAL"
"GENERAL","2025","10.502",,"1451","GENERAL"
"GENERAL","2025","10.000",,"1452","GENERAL"
"GENERAL","2025","2.350",,"1455","GENERAL"
"GENERAL","2025","9.572",,"1454","GENERAL"
"GENERAL","2025","16.032",,"1448","GENERAL"
"GENERAL","2025","40.000",,"1449","GENERAL"
"GENERAL","2025","40.000",,"1450","GENERAL"
"GENERAL","2025","12.422",,"1446","GENERAL"
"GENERAL","2025","0.000",,"1447","GENERAL"
"GENERAL","2025","15.941",,"1463","GENERAL"
"GENERAL","2025","2.000",,"1456","GENERAL"
"GENERAL","2025","9.975",,"1457","GENERAL"
"GENERAL","2025","0.000",,"1458","GENERAL"
"GENERAL","2025","0.000",,"1459","GENERAL"
"GENERAL","2025","0.000",,"1460","GENERAL"
"GENERAL","2025","10.720",,"1461","GENERAL"
"GENERAL","2025","53.650",,"1462","GENERAL"
"GENERAL","2025","4.002",,"0524","GENERAL"
"GENERAL","2025","13.285",,"1467","GENERAL"
"GENERAL","2025","49.398",,"1465","GENERAL"
"GENERAL","2025","0.000",,"1466","GENERAL"
"GENERAL","2025","10.740",,"1472","GENERAL"
"GENERAL","2025","45.000",,"1470","GENERAL"
"GENERAL","2025","0.000",,"1471","GENERAL"
"GENERAL","2025","0.000",,"1473","GENERAL"
"GENERAL","2025","0.000",,"1474","GENERAL"
"GENERAL","2025","6.354",,"1479","GENERAL"
"GENERAL","2025","0.000",,"1480","GENERAL"
"GENERAL","2025","21.486",,"1481","GENERAL"
"GENERAL","2025","18.000",,"1482","GENERAL"
"GENERAL","2025","0.000",,"1483","GENERAL"
"GENERAL","2025","64.445",,"1484","GENERAL"
"GENERAL","2025","61.589",,"1485","GENERAL"
"GENERAL","2025","53.538",,"1486","GENERAL"
"GENERAL","2025","0.000",,"1487","GENERAL"
"GENERAL","2025","0.000",,"1488","GENERAL"
"GENERAL","2025","0.000",,"1475","GENERAL"
"GENERAL","2025","0.000",,"1476","GENERAL"
"GENERAL","2025","5.883",,"1477","GENERAL"
"GENERAL","2025","8.606",,"1497","GENERAL"
"GENERAL","2025","20.000",,"1498","GENERAL"
"GENERAL","2025","6.334",,"1478","GENERAL"
"GENERAL","2025","50.664",,"1490","GENERAL"
"GENERAL","2025","1.250",,"1491","GENERAL"
"GENERAL","2025","1.250",,"1492","GENERAL"
"GENERAL","2025","1.250",,"1493","GENERAL"
"GENERAL","2025","1.250",,"1494","GENERAL"
"GENERAL","2025","65.455",,"1495","GENERAL"
"GENERAL","2025","53.740",,"1496","GENERAL"
"GENERAL","2025","11.501",,"1504","GENERAL"
"GENERAL","2025","21.481",,"1502","GENERAL"
"GENERAL","2025","21.481",,"1503","GENERAL"
"GENERAL","2025","24.000",,"1500","GENERAL"
"GENERAL","2025","5.305",,"1501","GENERAL"
"GENERAL","2025","24.276",,"1499","GENERAL"
"GENERAL","2025","12.712",,"1510","GENERAL"
"GENERAL","2025","0.000",,"1511","GENERAL"
"GENERAL","2025","11.501",,"1505","GENERAL"
"GENERAL","2025","11.502",,"1506","GENERAL"
"GENERAL","2025","0.000",,"1507","GENERAL"
"GENERAL","2025","0.000",,"1508","GENERAL"
"GENERAL","2025","0.000",,"1509","GENERAL"
"GENERAL","2025","16.718",,"1519","GENERAL"
"GENERAL","2025","39.000",,"1520","GENERAL"
"GENERAL","2025","15.222",,"1518","GENERAL"
"GENERAL","2025","6.297",,"1521","GENERAL"
"GENERAL","2025","26.680",,"1522","GENERAL"
"GENERAL","2025","12.443",,"1516","GENERAL"
"GENERAL","2025","39.000",,"1517","GENERAL"
"GENERAL","2025","12.736",,"1515","GENERAL"
"GENERAL","2025","5.744",,"1514","GENERAL"
"GENERAL","2025","12.350",,"1512","GENERAL"
"GENERAL","2025","0.000",,"1513","GENERAL"
"GENERAL","2025","5.371",,"1525","GENERAL"
"GENERAL","2025","21.166",,"1526","GENERAL"
"GENERAL","2025","58.000",,"1527","GENERAL"
"GENERAL","2025","58.000",,"1528","GENERAL"
"GENERAL","2025","58.000",,"1529","GENERAL"
"GENERAL","2025","58.000",,"1530","GENERAL"
"GENERAL","2025","58.000",,"1531","GENERAL"
"GENERAL","2025","39.000",,"1532","GENERAL"
"GENERAL","2025","39.000",,"1533","GENERAL"
"GENERAL","2025","39.000",,"1534","GENERAL"
"GENERAL","2025","39.000",,"1535","GENERAL"
"GENERAL","2025","39.000",,"1536","GENERAL"
"GENERAL","2025","15.000",,"1537","GENERAL"
"GENERAL","2025","63.680",,"1538","GENERAL"
"GENERAL","2025","63.680",,"1539","GENERAL"
"GENERAL","2025","63.680",,"1540","GENERAL"
"GENERAL","2025","0.000",,"1541","GENERAL"
"GENERAL","2025","25.000",,"1542","GENERAL"
"GENERAL","2025","48.000",,"1543","GENERAL"
"GENERAL","2025","12.692",,"1544","GENERAL"
"GENERAL","2025","50.000",,"1545","GENERAL"
"GENERAL","2025","0.000",,"1546","GENERAL"
"GENERAL","2025","50.000",,"1547","GENERAL"
"GENERAL","2025","11.766",,"1548","GENERAL"
"GENERAL","2025","4.315",,"1524","GENERAL"
"GENERAL","2025","5.410",,"1523","GENERAL"
"GENERAL","2025","11.764",,"1551","GENERAL"
"GENERAL","2025","0.000",,"1552","GENERAL"
"GENERAL","2025","63.680",,"1553","GENERAL"
"GENERAL","2025","15.000",,"1554","GENERAL"
"GENERAL","2025","11.560",,"1550","GENERAL"
"GENERAL","2025","11.710",,"1549","GENERAL"
"GENERAL","2025","9.772",,"1557","GENERAL"
"GENERAL","2025","50.000",,"1558","GENERAL"
"GENERAL","2025","0.000",,"1559","GENERAL"
"GENERAL","2025","0.000",,"1560","GENERAL"
"GENERAL","2025","0.000",,"1561","GENERAL"
"GENERAL","2025","0.000",,"1562","GENERAL"
"GENERAL","2025","0.000",,"1563","GENERAL"
"GENERAL","2025","0.000",,"1564","GENERAL"
"GENERAL","2025","0.000",,"1565","GENERAL"
"GENERAL","2025","5.370",,"1556","GENERAL"
"GENERAL","2025","9.500",,"1575","GENERAL"
"GENERAL","2025","12.612",,"1566","GENERAL"
"GENERAL","2025","0.000",,"1577","GENERAL"
"GENERAL","2025","0.000",,"1578","GENERAL"
"GENERAL","2025","12.649",,"1576","GENERAL"
"GENERAL","2025","0.000",,"1579","GENERAL"
"GENERAL","2025","60.000",,"1580","GENERAL"
"GENERAL","2025","50.000",,"1585","GENERAL"
"GENERAL","2025","0.000",,"1586","GENERAL"
"GENERAL","2025","50.179",,"1587","GENERAL"
"GENERAL","2025","53.422",,"1588","GENERAL"
"GENERAL","2025","0.000",,"1589","GENERAL"
"GENERAL","2025","0.000",,"1590","GENERAL"
"GENERAL","2025","0.000",,"1591","GENERAL"
"GENERAL","2025","0.000",,"1592","GENERAL"
"GENERAL","2025","10.035",,"1594","GENERAL"
"GENERAL","2025","71.283",,"1595","GENERAL"
"GENERAL","2025","12.607",,"1598","GENERAL"
"GENERAL","2025","12.592",,"1597","GENERAL"
"GENERAL","2025","12.585",,"1596","GENERAL"
"GENERAL","2025","11.920",,"1593","GENERAL"
"GENERAL","2025","50.000",,"1612","GENERAL"
"GENERAL","2025","50.000",,"1613","GENERAL"
"GENERAL","2025","50.000",,"1614","GENERAL"
"GENERAL","2025","50.000",,"1615","GENERAL"
"GENERAL","2025","50.000",,"1616","GENERAL"
"GENERAL","2025","0.000",,"1617","GENERAL"
"GENERAL","2025","0.000",,"1618","GENERAL"
"GENERAL","2025","0.000",,"1619","GENERAL"
"GENERAL","2025","0.000",,"1620","GENERAL"
"GENERAL","2025","0.000",,"1621","GENERAL"
"GENERAL","2025","11.214",,"1601","GENERAL"
"GENERAL","2025","70.598",,"1602","GENERAL"
"GENERAL","2025","0.000",,"1603","GENERAL"
"GENERAL","2025","0.000",,"1604","GENERAL"
"GENERAL","2025","0.000",,"1605","GENERAL"
"GENERAL","2025","0.000",,"1606","GENERAL"
"GENERAL","2025","12.344",,"1600","GENERAL"
"GENERAL","2025","12.659",,"1599","GENERAL"
"GENERAL","2025","23.845",,"1607","GENERAL"
"GENERAL","2025","0.000",,"1608","GENERAL"
"GENERAL","2025","12.014",,"1622","GENERAL"
"GENERAL","2025","0.000",,"1623","GENERAL"
"GENERAL","2025","59.371",,"1624","GENERAL"
"GENERAL","2025","0.000",,"1625","GENERAL"
"GENERAL","2025","0.000",,"1626","GENERAL"
"GENERAL","2025","0.000",,"1627","GENERAL"
"GENERAL","2025","50.000",,"1628","GENERAL"
"GENERAL","2025","50.000",,"1629","GENERAL"
"GENERAL","2025","50.000",,"1630","GENERAL"
"GENERAL","2025","28.346",,"1631","GENERAL"
"GENERAL","2025","18.587",,"1352","GENERAL"
"GENERAL","2025","55.000",,"1353","GENERAL"
"GENERAL","2025","15.656",,"1354","GENERAL"
"GENERAL","2025","2.815",,"1348","GENERAL"
"GENERAL","2025","53.703",,"1349","GENERAL"
"GENERAL","2025","50.339",,"1350","GENERAL"
"GENERAL","2025","53.703",,"1351","GENERAL"
"GENERAL","2025","12.189",,"1346","GENERAL"
"GENERAL","2025","-0.346",,"1346","GENERAL"
"GENERAL","2025","0.000",,"1347","GENERAL"
"GENERAL","2025","4.180",,"1344","GENERAL"
"GENERAL","2025","7.000",,"1342","GENERAL"
"GENERAL","2025","53.680",,"1343","GENERAL"
"GENERAL","2025","14.786",,"1373","GENERAL"
"GENERAL","2025","16.963",,"1372","GENERAL"
"GENERAL","2025","10.684",,"1369","GENERAL"
"GENERAL","2025","15.259",,"1355","GENERAL"
"GENERAL","2025","53.650",,"1356","GENERAL"
"GENERAL","2025","4.978",,"1357","GENERAL"
"GENERAL","2025","53.703",,"1358","GENERAL"
"GENERAL","2025","0.000",,"1359","GENERAL"
"GENERAL","2025","0.000",,"1360","GENERAL"
"GENERAL","2025","55.000",,"1361","GENERAL"
"GENERAL","2025","0.000",,"1362","GENERAL"
"GENERAL","2025","0.000",,"1363","GENERAL"
"GENERAL","2025","0.000",,"1364","GENERAL"
"GENERAL","2025","68.070",,"1365","GENERAL"
"GENERAL","2025","0.000",,"1366","GENERAL"
"GENERAL","2025","53.703",,"1367","GENERAL"
"GENERAL","2025","0.000",,"1377","GENERAL"
"GENERAL","2025","25.000",,"1378","GENERAL"
"GENERAL","2025","0.000",,"1376","GENERAL"
"GENERAL","2025","0.000",,"1375","GENERAL"
"GENERAL","2025","10.917",,"1374","GENERAL"
"GENERAL","2025","9.981",,"1387","GENERAL"
"GENERAL","2025","55.664",,"1388","GENERAL"
"GENERAL","2025","0.000",,"1389","GENERAL"
"GENERAL","2025","0.000",,"1390","GENERAL"
"GENERAL","2025","50.000",,"1391","GENERAL"
"GENERAL","2025","50.000",,"1392","GENERAL"
"GENERAL","2025","50.419",,"1393","GENERAL"
"GENERAL","2025","0.000",,"1394","GENERAL"
"GENERAL","2025","0.000",,"1395","GENERAL"
"GENERAL","2025","0.000",,"1396","GENERAL"
"GENERAL","2025","12.686",,"1379","GENERAL"
"GENERAL","2025","-6.286",,"1379","GENERAL"
"GENERAL","2025","6.000",,"1383","GENERAL"
"GENERAL","2025","0.000",,"1385","GENERAL"
"GENERAL","2025","21.601",,"1398","GENERAL"
"GENERAL","2025","55.277",,"1399","GENERAL"
"GENERAL","2025","16.658",,"1397","GENERAL"
"GENERAL","2025","-1.191",,"1397","GENERAL"
"GENERAL","2025","6.140",,"1400","GENERAL"
"GENERAL","2025","5.000",,"1401","GENERAL"
"GENERAL","2025","53.281",,"1402","GENERAL"
"GENERAL","2025","0.000",,"1403","GENERAL"
"GENERAL","2025","0.000",,"1404","GENERAL"
"GENERAL","2025","23.321",,"1303","GENERAL"
"GENERAL","2025","23.321",,"1304","GENERAL"
"GENERAL","2025","8.433",,"0995","GENERAL"
"GENERAL","2025","5.000",,"0996","GENERAL"
"GENERAL","2025","7.000",,"0997","GENERAL"
"GENERAL","2025","12.000",,"0998","GENERAL"
"GENERAL","2025","12.000",,"0999","GENERAL"
"GENERAL","2025","10.000",,"1309","GENERAL"
"GENERAL","2025","50.000",,"1310","GENERAL"
"GENERAL","2025","10.000",,"1311","GENERAL"
"GENERAL","2025","6.100",,"1307","GENERAL"
"GENERAL","2025","20.268",,"1306","GENERAL"
"GENERAL","2025","3.177",,"1050","GENERAL"
"GENERAL","2025","-0.138",,"1050","GENERAL"
"GENERAL","2025","3.546",,"1051","GENERAL"
"GENERAL","2025","0.414",,"1200","GENERAL"
"GENERAL","2025","0.000",,"1201","GENERAL"
"GENERAL","2025","0.000",,"1202","GENERAL"
"GENERAL","2025","0.000",,"1203","GENERAL"
"GENERAL","2025","0.000",,"1204","GENERAL"
"GENERAL","2025","0.000",,"1205","GENERAL"
"GENERAL","2025","0.000",,"1206","GENERAL"
"GENERAL","2025","0.000",,"1207","GENERAL"
"GENERAL","2025","0.000",,"1208","GENERAL"
"GENERAL","2025","0.000",,"1209","GENERAL"
"GENERAL","2025","7.000",,"1300","GENERAL"
"GENERAL","2025","40.000",,"1301","GENERAL"
"GENERAL","2025","0.000",,"1302","GENERAL"
"GENERAL","2025","16.934",,"1341","GENERAL"
"GENERAL","2025","59.735",,"1340","GENERAL"
"GENERAL","2025","17.247",,"1339","GENERAL"
"GENERAL","2025","6.600",,"1338","GENERAL"
"GENERAL","2025","33.909",,"1337","GENERAL"
"GENERAL","2025","3.714",,"1335","GENERAL"
"GENERAL","2025","20.000",,"1336","GENERAL"
"GENERAL","2025","5.744",,"1334","GENERAL"
"GENERAL","2025","6.986",,"1325","GENERAL"
"GENERAL","2025","7.724",,"1330","GENERAL"
"GENERAL","2025","62.600",,"1331","GENERAL"
"GENERAL","2025","26.491",,"1333","GENERAL"
"GENERAL","2025","6.457",,"1326","GENERAL"
"GENERAL","2025","62.600",,"1327","GENERAL"
"GENERAL","2025","68.735",,"1328","GENERAL"
"GENERAL","2025","8.005",,"1322","GENERAL"
"GENERAL","2025","0.000",,"1323","GENERAL"
"GENERAL","2025","62.600",,"1324","GENERAL"
"GENERAL","2025","25.000",,"1315","GENERAL"
"GENERAL","2025","0.000",,"1321","GENERAL"
"GENERAL","2025","1.883",,"1312","GENERAL"
"GENERAL","2025","3.981",,"0514","GENERAL"
"GENERAL","2025","5.165",,"0515","GENERAL"
"GENERAL","2025","9.268",,"0510","GENERAL"
"GENERAL","2025","1.654",,"0511","GENERAL"
"GENERAL","2025","10.334",,"0518","GENERAL"
"GENERAL","2025","10.085",,"0519","GENERAL"
"GENERAL","2025","7.000",,"0520","GENERAL"
"GENERAL","2025","8.535",,"0521","GENERAL"
"GENERAL","2025","1.250",,"0522","GENERAL"
"GENERAL","2025","2.088",,"0523","GENERAL"
"GENERAL","2025","6.538",,"0516","GENERAL"
"GENERAL","2025","16.247",,"0512","GENERAL"
"GENERAL","2025","0.000",,"0513","GENERAL"
"GENERAL","2025","14.626",,"0527","GENERAL"
"GENERAL","2025","10.595",,"0517","GENERAL"
"GENERAL","2025","15.500",,"0534","GENERAL"
"GENERAL","2025","0.000",,"0606","GENERAL"
"GENERAL","2025","0.316",,"0620","GENERAL"
"GENERAL","2025","0.000",,"0622","GENERAL"
"GENERAL","2025","0.000",,"0532","GENERAL"
"GENERAL","2025","3.000",,"0911","GENERAL"
"GENERAL","2025","0.000",,"0912","GENERAL"
"GENERAL","2025","0.000",,"0913","GENERAL"
"GENERAL","2025","0.000",,"0914","GENERAL"
"GENERAL","2025","0.000",,"0915","GENERAL"
"GENERAL","2025","0.000",,"0916","GENERAL"
"GENERAL","2025","0.000",,"0917","GENERAL"
"GENERAL","2025","0.000",,"0918","GENERAL"
"GENERAL","2025","0.000",,"0919","GENERAL"
"GENERAL","2025","0.000",,"0920","GENERAL"
"GENERAL","2025","0.000",,"0921","GENERAL"
"GENERAL","2025","0.000",,"0922","GENERAL"
"GENERAL","2025","0.000",,"0923","GENERAL"
"GENERAL","2025","0.000",,"0924","GENERAL"
"GENERAL","2025","0.000",,"0925","GENERAL"
"GENERAL","2025","0.000",,"0926","GENERAL"
"GENERAL","2025","0.000",,"0927","GENERAL"
"GENERAL","2025","0.000",,"0928","GENERAL"
"GENERAL","2025","0.000",,"0929","GENERAL"
"GENERAL","2025","0.000",,"0930","GENERAL"
"GENERAL","2025","0.000",,"0931","GENERAL"
"GENERAL","2025","0.000",,"0932","GENERAL"
"GENERAL","2025","0.000",,"0933","GENERAL"
"GENERAL","2025","0.000",,"0934","GENERAL"
"GENERAL","2025","0.000",,"0935","GENERAL"
"GENERAL","2025","0.000",,"0936","GENERAL"
"GENERAL","2025","0.000",,"0937","GENERAL"
"GENERAL","2025","0.000",,"0938","GENERAL"
"GENERAL","2025","0.000",,"0939","GENERAL"
"GENERAL","2025","0.000",,"0940","GENERAL"
"GENERAL","2025","0.000",,"0941","GENERAL"
"GENERAL","2025","0.000",,"0942","GENERAL"
"GENERAL","2025","0.000",,"0943","GENERAL"
"GENERAL","2025","0.000",,"0944","GENERAL"
"GENERAL","2025","0.000",,"0945","GENERAL"
"GENERAL","2025","0.000",,"0946","GENERAL"
"GENERAL","2025","0.000",,"0947","GENERAL"
"GENERAL","2025","0.000",,"0948","GENERAL"
"GENERAL","2025","0.000",,"0949","GENERAL"
"GENERAL","2025","0.000",,"0950","GENERAL"
"GENERAL","2025","0.000",,"0951","GENERAL"
"GENERAL","2025","0.000",,"0952","GENERAL"
"GENERAL","2025","0.000",,"0953","GENERAL"
"GENERAL","2025","0.000",,"0960","GENERAL"
"GENERAL","2025","0.000",,"0961","GENERAL"
"GENERAL","2025","0.000",,"0962","GENERAL"
"GENERAL","2025","0.000",,"0963","GENERAL"
"GENERAL","2025","0.000",,"0964","GENERAL"
"GENERAL","2025","0.000",,"0965","GENERAL"
"GENERAL","2025","0.000",,"0966","GENERAL"
"GENERAL","2025","0.000",,"0970","GENERAL"
"GENERAL","2025","0.000",,"0971","GENERAL"
"GENERAL","2025","0.000",,"0972","GENERAL"
"GENERAL","2025","0.000",,"0973","GENERAL"
"GENERAL","2025","0.000",,"0974","GENERAL"
"GENERAL","2025","0.000",,"0975","GENERAL"
"GENERAL","2025","0.000",,"0976","GENERAL"
"GENERAL","2025","0.000",,"0977","GENERAL"
"GENERAL","2025","60.000",,"0980","GENERAL"
"GENERAL","2025","60.000",,"0981","GENERAL"
"GENERAL","2025","6.299",,"0700","GENERAL"
"GENERAL","2025","5.000",,"0802","GENERAL"
"GENERAL","2025","0.000",,"0804","GENERAL"
"GENERAL","2025","0.000",,"0805","GENERAL"
"GENERAL","2025","0.000",,"0806","GENERAL"
"GENERAL","2025","0.000",,"0807","GENERAL"
"GENERAL","2025","0.000",,"0808","GENERAL"
"GENERAL","2025","0.000",,"0809","GENERAL"
"GENERAL","2025","0.000",,"0810","GENERAL"
"GENERAL","2025","0.000",,"0811","GENERAL"
"GENERAL","2025","0.000",,"0812","GENERAL"
"GENERAL","2025","0.000",,"0813","GENERAL"
"GENERAL","2025","0.000",,"0814","GENERAL"
"GENERAL","2025","0.000",,"0815","GENERAL"
"GENERAL","2025","0.000",,"0816","GENERAL"
"GENERAL","2025","0.000",,"0817","GENERAL"
"GENERAL","2025","0.000",,"0818","GENERAL"
"GENERAL","2025","0.000",,"0819","GENERAL"
"GENERAL","2025","0.000",,"0820","GENERAL"
"GENERAL","2025","0.000",,"0821","GENERAL"
"GENERAL","2025","0.000",,"0822","GENERAL"
"GENERAL","2025","0.000",,"0823","GENERAL"
"GENERAL","2025","0.000",,"0824","GENERAL"
"GENERAL","2025","0.000",,"0825","GENERAL"
"GENERAL","2025","0.000",,"0826","GENERAL"
"GENERAL","2025","0.000",,"0827","GENERAL"
"GENERAL","2025","0.000",,"0828","GENERAL"
"GENERAL","2025","0.000",,"0829","GENERAL"
"GENERAL","2025","0.000",,"0830","GENERAL"
"GENERAL","2025","0.000",,"0831","GENERAL"
"GENERAL","2025","0.000",,"0832","GENERAL"
"GENERAL","2025","5.000",,"0833","GENERAL"
"GENERAL","2025","-5.000",,"0833","GENERAL"
"GENERAL","2025","0.000",,"0834","GENERAL"
"GENERAL","2025","0.000",,"0835","GENERAL"
"GENERAL","2025","0.000",,"0836","GENERAL"
"GENERAL","2025","0.000",,"0837","GENERAL"
"GENERAL","2025","0.000",,"0838","GENERAL"
"GENERAL","2025","0.000",,"0839","GENERAL"
"GENERAL","2025","0.000",,"0840","GENERAL"
"GENERAL","2025","0.000",,"0841","GENERAL"
"GENERAL","2025","0.000",,"0842","GENERAL"
"GENERAL","2025","0.000",,"0843","GENERAL"
"GENERAL","2025","0.000",,"0844","GENERAL"
"GENERAL","2025","0.000",,"0845","GENERAL"
"GENERAL","2025","0.000",,"0846","GENERAL"
"GENERAL","2025","0.000",,"0847","GENERAL"
"GENERAL","2025","0.000",,"0848","GENERAL"
"GENERAL","2025","0.000",,"0849","GENERAL"
"GENERAL","2025","0.000",,"0850","GENERAL"
"GENERAL","2025","0.000",,"0851","GENERAL"
"GENERAL","2025","0.000",,"0852","GENERAL"
"GENERAL","2025","0.000",,"0853","GENERAL"
"GENERAL","2025","0.000",,"0854","GENERAL"
"GENERAL","2025","0.000",,"0855","GENERAL"
"GENERAL","2025","0.000",,"0856","GENERAL"
"GENERAL","2025","0.000",,"0857","GENERAL"
"GENERAL","2025","0.000",,"0858","GENERAL"
"GENERAL","2025","0.000",,"0859","GENERAL"
"GENERAL","2025","0.000",,"0860","GENERAL"
"GENERAL","2025","0.000",,"0861","GENERAL"
"GENERAL","2025","0.000",,"0862","GENERAL"
"GENERAL","2025","0.000",,"0863","GENERAL"
"GENERAL","2025","0.000",,"0864","GENERAL"
"GENERAL","2025","0.000",,"0865","GENERAL"
"GENERAL","2025","0.000",,"0866","GENERAL"
"GENERAL","2025","0.000",,"0867","GENERAL"
"GENERAL","2025","0.000",,"0868","GENERAL"
"GENERAL","2025","0.000",,"0869","GENERAL"
"GENERAL","2025","0.000",,"0870","GENERAL"
"GENERAL","2025","0.000",,"0871","GENERAL"
"GENERAL","2025","0.000",,"0872","GENERAL"
"GENERAL","2025","0.000",,"0873","GENERAL"
"GENERAL","2025","0.000",,"0874","GENERAL"
"GENERAL","2025","0.000",,"0875","GENERAL"
"GENERAL","2025","0.000",,"0876","GENERAL"
"GENERAL","2025","0.000",,"0877","GENERAL"
"GENERAL","2025","0.000",,"0878","GENERAL"
"GENERAL","2025","0.000",,"0879","GENERAL"
"GENERAL","2025","0.000",,"0880","GENERAL"
"GENERAL","2025","0.000",,"0881","GENERAL"
"GENERAL","2025","0.000",,"0882","GENERAL"
"GENERAL","2025","0.000",,"0883","GENERAL"
"GENERAL","2025","0.000",,"0884","GENERAL"
"GENERAL","2025","0.000",,"0885","GENERAL"
"GENERAL","2025","0.000",,"0886","GENERAL"
"GENERAL","2025","0.000",,"0887","GENERAL"
"GENERAL","2025","0.000",,"0888","GENERAL"
"GENERAL","2025","0.000",,"0889","GENERAL"
"GENERAL","2025","0.000",,"0890","GENERAL"
"GENERAL","2025","0.000",,"0891","GENERAL"
"GENERAL","2025","0.000",,"0892","GENERAL"
"GENERAL","2025","0.000",,"0893","GENERAL"
"GENERAL","2025","0.000",,"0894","GENERAL"
"GENERAL","2025","0.000",,"0895","GENERAL"
"GENERAL","2025","0.000",,"0896","GENERAL"
"GENERAL","2025","0.000",,"0897","GENERAL"
"GENERAL","2025","0.000",,"0898","GENERAL"
"GENERAL","2025","0.000",,"0899","GENERAL"
"GENERAL","2025","4.427",,"0900","GENERAL"
"GENERAL","2025","3.594",,"0901","GENERAL"
"GENERAL","2025","0.000",,"0902","GENERAL"
"GENERAL","2025","0.000",,"0903","GENERAL"
"GENERAL","2025","0.000",,"0904","GENERAL"
"GENERAL","2025","0.000",,"0905","GENERAL"
"GENERAL","2025","0.000",,"0906","GENERAL"
"GENERAL","2025","0.000",,"0907","GENERAL"
"GENERAL","2025","0.000",,"0908","GENERAL"
"GENERAL","2025","0.000",,"0909","GENERAL"
"GENERAL","2025","0.000",,"0910","GENERAL"
"GENERAL","2025","0.000",,"1733","GENERAL"
"GENERAL","2025","0.000",,"1734","GENERAL"
"GENERAL","2025","0.000",,"1735","GENERAL"
"GENERAL","2025","0.000",,"1749","GENERAL"
"GENERAL","2025","6.613",,"1714","GENERAL"
"GENERAL","2025","0.000",,"1750","GENERAL"
"GENERAL","2025","0.000",,"1751","GENERAL"
"GENERAL","2025","16.111",,"1752","GENERAL"
"GENERAL","2025","2.682",,"1756","GENERAL"
"GENERAL","2025","7.794",,"1753","GENERAL"
"GENERAL","2025","60.000",,"1754","GENERAL"
"GENERAL","2025","0.000",,"1764","GENERAL"
"GENERAL","2025","0.000",,"1763","GENERAL"
"GENERAL","2025","9.777",,"1762","GENERAL"
"GENERAL","2025","9.782",,"1761","GENERAL"
"GENERAL","2025","10.661",,"1760","GENERAL"
"GENERAL","2025","10.539",,"1759","GENERAL"
"GENERAL","2025","10.000",,"1757","GENERAL"
"GENERAL","2025","10.740",,"1758","GENERAL"
"GENERAL","2025","15.000",,"1768","GENERAL"
"GENERAL","2025","15.000",,"1767","GENERAL"
"GENERAL","2025","0.000",,"1766","GENERAL"
"GENERAL","2025","0.000",,"1765","GENERAL"
"GENERAL","2025","15.000",,"1769","GENERAL"
"GENERAL","2025","4.950",,"1770","GENERAL"
"GENERAL","2025","0.983",,"1772","GENERAL"
"GENERAL","2025","5.872",,"1771","GENERAL"
"GENERAL","2025","5.883",,"1788","GENERAL"
"GENERAL","2025","0.000",,"1789","GENERAL"
"GENERAL","2025","0.000",,"1790","GENERAL"
"GENERAL","2025","0.000",,"1791","GENERAL"
"GENERAL","2025","0.000",,"1792","GENERAL"
"GENERAL","2025","0.000",,"1793","GENERAL"
"GENERAL","2025","0.000",,"1794","GENERAL"
"GENERAL","2025","5.167",,"1776","GENERAL"
"GENERAL","2025","0.000",,"1777","GENERAL"
"GENERAL","2025","0.000",,"1778","GENERAL"
"GENERAL","2025","0.000",,"1779","GENERAL"
"GENERAL","2025","0.000",,"1780","GENERAL"
"GENERAL","2025","0.000",,"1781","GENERAL"
"GENERAL","2025","0.000",,"1782","GENERAL"
"GENERAL","2025","0.000",,"1783","GENERAL"
"GENERAL","2025","0.000",,"1784","GENERAL"
"GENERAL","2025","0.000",,"1785","GENERAL"
"GENERAL","2025","0.000",,"1786","GENERAL"
"GENERAL","2025","3.000",,"1825","GENERAL"
"GENERAL","2025","42.000",,"1826","GENERAL"
"GENERAL","2025","0.000",,"1827","GENERAL"
"GENERAL","2025","0.000",,"1828","GENERAL"
"GENERAL","2025","0.000",,"1829","GENERAL"
"GENERAL","2025","0.000",,"1830","GENERAL"
"GENERAL","2025","15.896",,"1797","GENERAL"
"GENERAL","2025","0.000",,"1798","GENERAL"
"GENERAL","2025","0.000",,"1799","GENERAL"
"GENERAL","2025","7.672",,"1795","GENERAL"
"GENERAL","2025","50.000",,"1796","GENERAL"
"GENERAL","2025","5.883",,"1787","GENERAL"
"GENERAL","2025","0.347",,"1773","GENERAL"
"GENERAL","2025","0.000",,"1774","GENERAL"
"GENERAL","2025","0.000",,"1775","GENERAL"
"GENERAL","2025","16.961",,"1800","GENERAL"
"GENERAL","2025","0.000",,"1801","GENERAL"
"GENERAL","2025","0.000",,"1802","GENERAL"
"GENERAL","2025","0.000",,"1803","GENERAL"
"GENERAL","2025","0.000",,"1804","GENERAL"
"GENERAL","2025","0.000",,"1805","GENERAL"
"GENERAL","2025","0.000",,"1806","GENERAL"
"GENERAL","2025","0.000",,"1807","GENERAL"
"GENERAL","2025","0.000",,"1808","GENERAL"
"GENERAL","2025","0.000",,"1809","GENERAL"
"GENERAL","2025","0.000",,"1810","GENERAL"
"GENERAL","2025","0.000",,"1811","GENERAL"
"GENERAL","2025","64.444",,"1812","GENERAL"
"GENERAL","2025","64.444",,"1813","GENERAL"
"GENERAL","2025","0.000",,"1814","GENERAL"
"GENERAL","2025","0.000",,"1815","GENERAL"
"GENERAL","2025","0.000",,"1816","GENERAL"
"GENERAL","2025","0.000",,"1817","GENERAL"
"GENERAL","2025","0.000",,"1818","GENERAL"
"GENERAL","2025","0.000",,"1819","GENERAL"
"GENERAL","2025","0.000",,"1820","GENERAL"
"GENERAL","2025","0.000",,"1821","GENERAL"
"GENERAL","2025","0.000",,"1822","GENERAL"
"GENERAL","2025","0.000",,"1823","GENERAL"
"GENERAL","2025","0.000",,"1824","GENERAL"
"GENERAL","2025","3.000",,"1851","GENERAL"
"GENERAL","2025","50.000",,"1852","GENERAL"
"GENERAL","2025","50.000",,"1853","GENERAL"
"GENERAL","2025","50.000",,"1854","GENERAL"
"GENERAL","2025","50.000",,"1855","GENERAL"
"GENERAL","2025","50.000",,"1856","GENERAL"
"GENERAL","2025","50.000",,"1857","GENERAL"
"GENERAL","2025","25.000",,"1858","GENERAL"
"GENERAL","2025","50.000",,"1859","GENERAL"
"GENERAL","2025","0.000",,"1860","GENERAL"
"GENERAL","2025","0.000",,"1861","GENERAL"
"GENERAL","2025","0.000",,"1862","GENERAL"
"GENERAL","2025","55.000",,"1863","GENERAL"
"GENERAL","2025","0.000",,"1864","GENERAL"
"GENERAL","2025","0.000",,"1865","GENERAL"
"GENERAL","2025","0.000",,"1866","GENERAL"
"GENERAL","2025","0.000",,"1867","GENERAL"
"GENERAL","2025","0.000",,"1868","GENERAL"
"GENERAL","2025","0.000",,"1869","GENERAL"
"GENERAL","2025","1.000",,"7810","GENERAL"
"GENERAL","2025","1.000",,"7811","GENERAL"
"GENERAL","2025","1.000",,"7812","GENERAL"
"GENERAL","2025","1.000",,"7815","GENERAL"
"GENERAL","2025","1.000",,"7816","GENERAL"
"GENERAL","2025","1.000",,"7817","GENERAL"
"GENERAL","2025","0.000",,"8888","GENERAL"
"GENERAL","2025","0.000",,"OGDECPEN","GENERAL"
"GENERAL","2025","0.000",,"OGPRODPEN","GENERAL"
"GENERAL","2025","0.000",,"PPDECPEN","GENERAL"
"GENERAL","2025","0.000",,"TD1000","GENERAL"
"GENERAL","2025","3.000",,"1831","GENERAL"
"GENERAL","2025","64.623",,"1832","GENERAL"
"GENERAL","2025","0.000",,"1833","GENERAL"
"GENERAL","2025","0.000",,"1834","GENERAL"
"GENERAL","2025","0.000",,"1835","GENERAL"
"GENERAL","2025","10.000",,"1836","GENERAL"
"GENERAL","2025","10.000",,"1837","GENERAL"
"GENERAL","2025","10.000",,"1838","GENERAL"
"GENERAL","2025","10.000",,"1839","GENERAL"
"GENERAL","2025","0.000",,"1840","GENERAL"
"GENERAL","2025","0.000",,"1841","GENERAL"
"GENERAL","2025","0.000",,"1842","GENERAL"
"GENERAL","2025","0.000",,"1843","GENERAL"
"GENERAL","2025","51.667",,"1844","GENERAL"
"GENERAL","2025","42.000",,"1845","GENERAL"
"GENERAL","2025","42.000",,"1846","GENERAL"
"GENERAL","2025","42.000",,"1847","GENERAL"
"GENERAL","2025","42.000",,"1848","GENERAL"
"GENERAL","2025","42.000",,"1849","GENERAL"
"GENERAL","2025","42.000",,"1850","GENERAL"
"GENERAL","2025","1.548",,"1684","GENERAL"
"GENERAL","2025","10.802",,"1694","GENERAL"
"GENERAL","2025","2.000",,"1695","GENERAL"
"GENERAL","2025","0.000",,"1696","GENERAL"
"GENERAL","2025","53.306",,"1697","GENERAL"
"GENERAL","2025","10.740",,"1685","GENERAL"
"GENERAL","2025","70.000",,"1686","GENERAL"
"GENERAL","2025","0.000",,"1687","GENERAL"
"GENERAL","2025","0.000",,"1688","GENERAL"
"GENERAL","2025","0.000",,"1689","GENERAL"
"GENERAL","2025","0.000",,"1690","GENERAL"
"GENERAL","2025","0.000",,"1691","GENERAL"
"GENERAL","2025","0.000",,"1692","GENERAL"
"GENERAL","2025","0.000",,"1693","GENERAL"
"GENERAL","2025","10.000",,"1699","GENERAL"
"GENERAL","2025","0.000",,"1700","GENERAL"
"GENERAL","2025","0.000",,"1701","GENERAL"
"GENERAL","2025","0.000",,"1702","GENERAL"
"GENERAL","2025","0.000",,"1703","GENERAL"
"GENERAL","2025","0.000",,"1704","GENERAL"
"GENERAL","2025","7.791",,"1705","GENERAL"
"GENERAL","2025","0.000",,"1706","GENERAL"
"GENERAL","2025","0.000",,"1707","GENERAL"
"GENERAL","2025","0.000",,"1708","GENERAL"
"GENERAL","2025","0.000",,"1709","GENERAL"
"GENERAL","2025","0.000",,"1710","GENERAL"
"GENERAL","2025","0.000",,"1711","GENERAL"
"GENERAL","2025","0.000",,"1712","GENERAL"
"GENERAL","2025","10.730",,"1715","GENERAL"
"GENERAL","2025","9.888",,"1716","GENERAL"
"GENERAL","2025","10.010",,"1717","GENERAL"
"GENERAL","2025","6.093",,"1718","GENERAL"
"GENERAL","2025","0.000",,"1719","GENERAL"
"GENERAL","2025","0.000",,"1720","GENERAL"
"GENERAL","2025","0.000",,"1721","GENERAL"
"GENERAL","2025","0.000",,"1722","GENERAL"
"GENERAL","2025","0.000",,"1723","GENERAL"
"GENERAL","2025","0.000",,"1724","GENERAL"
"GENERAL","2025","0.000",,"1725","GENERAL"
"GENERAL","2025","0.000",,"1726","GENERAL"
"GENERAL","2025","0.000",,"1727","GENERAL"
"GENERAL","2025","0.000",,"1728","GENERAL"
"GENERAL","2025","0.000",,"1729","GENERAL"
"GENERAL","2025","25.000",,"1730","GENERAL"
"GENERAL","2025","10.740",,"1698","GENERAL"
"GENERAL","2025","5.206",,"1713","GENERAL"
"GENERAL","2025","14.932",,"1731","GENERAL"
"GENERAL","2025","-4.487",,"1731","GENERAL"
"GENERAL","2025","0.000",,"1732","GENERAL"
"GENERAL","2025","0.000",,"1736","GENERAL"
"GENERAL","2025","0.000",,"1737","GENERAL"
"GENERAL","2025","0.000",,"1738","GENERAL"
"GENERAL","2025","0.000",,"1739","GENERAL"
"GENERAL","2025","9.391",,"1740","GENERAL"
"GENERAL","2025","0.000",,"1741","GENERAL"
"GENERAL","2025","0.000",,"1742","GENERAL"
"GENERAL","2025","0.000",,"1743","GENERAL"
"GENERAL","2025","0.000",,"1744","GENERAL"
"GENERAL","2025","0.000",,"1745","GENERAL"
"GENERAL","2025","0.000",,"1746","GENERAL"
"GENERAL","2025","21.846",,"1747","GENERAL"
"GENERAL","2025","21.489",,"1748","GENERAL"
"GENERAL","2025","17.000",,"1663","GENERAL"
"GENERAL","2025","7.256",,"1664","GENERAL"
"GENERAL","2025","50.000",,"1665","GENERAL"
"GENERAL","2025","11.362",,"1666","GENERAL"
"GENERAL","2025","-2.764",,"1666","GENERAL"
"GENERAL","2025","61.025",,"1667","GENERAL"
"GENERAL","2025","10.075",,"1671","GENERAL"
"GENERAL","2025","10.644",,"1670","GENERAL"
"GENERAL","2025","10.062",,"1668","GENERAL"
"GENERAL","2025","0.000",,"1669","GENERAL"
"GENERAL","2025","5.555",,"1673","GENERAL"
"GENERAL","2025","0.000",,"1674","GENERAL"
"GENERAL","2025","10.107",,"1672","GENERAL"
"GENERAL","2025","5.000",,"1676","GENERAL"
"GENERAL","2025","0.000",,"1677","GENERAL"
"GENERAL","2025","10.740",,"1678","GENERAL"
"GENERAL","2025","10.740",,"1679","GENERAL"
"GENERAL","2025","10.080",,"1680","GENERAL"
"GENERAL","2025","8.000",,"1675","GENERAL"
"GENERAL","2025","8.631",,"1683","GENERAL"
"GENERAL","2025","7.444",,"1682","GENERAL"
"GENERAL","2025","11.403",,"1640","GENERAL"
"GENERAL","2025","0.000",,"1653","GENERAL"
"GENERAL","2025","50.000",,"1654","GENERAL"
"GENERAL","2025","36.758",,"1655","GENERAL"
"GENERAL","2025","50.000",,"1656","GENERAL"
"GENERAL","2025","0.000",,"1657","GENERAL"
"GENERAL","2025","0.000",,"1658","GENERAL"
"GENERAL","2025","8.606",,"1659","GENERAL"
"GENERAL","2025","50.000",,"1660","GENERAL"
"GENERAL","2025","8.924",,"1661","GENERAL"
"GENERAL","2025","8.615",,"1662","GENERAL"
"GENERAL","2025","6.050",,"1641","GENERAL"
"GENERAL","2025","9.492",,"1642","GENERAL"
"GENERAL","2025","0.000",,"1643","GENERAL"
"GENERAL","2025","50.000",,"1644","GENERAL"
"GENERAL","2025","50.000",,"1645","GENERAL"
"GENERAL","2025","0.000",,"1646","GENERAL"
"GENERAL","2025","0.000",,"1647","GENERAL"
"GENERAL","2025","0.000",,"1648","GENERAL"
"GENERAL","2025","0.000",,"1649","GENERAL"
"GENERAL","2025","11.850",,"1638","GENERAL"
"GENERAL","2025","0.000",,"1639","GENERAL"
"GENERAL","2025","10.000",,"1637","GENERAL"
"GENERAL","2025","7.000",,"1635","GENERAL"
"GENERAL","2025","0.000",,"1636","GENERAL"
"GENERAL","2025","0.550",,"0309","GENERAL"
"GENERAL","2025","0.000",,"0310","GENERAL"
"GENERAL","2025","0.000",,"0311","GENERAL"
"GENERAL","2025","0.000",,"0312","GENERAL"
"GENERAL","2025","1.406",,"0303","GENERAL"
"GENERAL","2025","0.000",,"0304","GENERAL"
"GENERAL","2025","0.000",,"0305","GENERAL"
"GENERAL","2025","0.000",,"0306","GENERAL"
"GENERAL","2025","0.020",,"0307","GENERAL"
"GENERAL","2025","0.945",,"0308","GENERAL"
"GENERAL","2025","0.000",,"0217","GENERAL"
"GENERAL","2025","0.357",,"0302","GENERAL"
"GENERAL","2025","-0.002",,"0302","GENERAL"
"GENERAL","2025","1.500",,"0314","GENERAL"
"GENERAL","2025","2.000",,"0377","GENERAL"
"GENERAL","2025","-0.124",,"0377","GENERAL"
"GENERAL","2025","22.462",,"0402","GENERAL"
"GENERAL","2025","5.441",,"0403","GENERAL"
"GENERAL","2025","-0.434",,"0403","GENERAL"
"GENERAL","2025","7.288",,"0404","GENERAL"
"GENERAL","2025","3.536",,"0405","GENERAL"
"GENERAL","2025","6.805",,"0406","GENERAL"
"GENERAL","2025","36.852",,"0407","GENERAL"
"GENERAL","2025","6.727",,"0401","GENERAL"
"GENERAL","2025","7.597",,"0431","GENERAL"
"GENERAL","2025","13.420",,"0433","GENERAL"
"GENERAL","2025","22.997",,"0418","GENERAL"
"GENERAL","2025","-0.209",,"0418","GENERAL"
"GENERAL","2025","6.636",,"0434","GENERAL"
"GENERAL","2025","-0.146",,"0434","GENERAL"
"GENERAL","2025","28.623",,"0421","GENERAL"
"GENERAL","2025","-3.549",,"0421","GENERAL"
"GENERAL","2025","13.810",,"0422","GENERAL"
"GENERAL","2025","10.454",,"0423","GENERAL"
"GENERAL","2025","18.385",,"0424","GENERAL"
"GENERAL","2025","12.445",,"0425","GENERAL"
"GENERAL","2025","12.635",,"0427","GENERAL"
"GENERAL","2025","12.030",,"0428","GENERAL"
"GENERAL","2025","6.650",,"0429","GENERAL"
"GENERAL","2025","4.300",,"0419","GENERAL"
"GENERAL","2025","-1.214",,"0419","GENERAL"
"GENERAL","2025","11.522",,"0420","GENERAL"
"GENERAL","2025","14.377",,"0413","GENERAL"
"GENERAL","2025","23.947",,"0414","GENERAL"
"GENERAL","2025","22.000",,"0415","GENERAL"
"GENERAL","2025","17.205",,"0417","GENERAL"
"GENERAL","2025","6.555",,"0408","GENERAL"
"GENERAL","2025","11.450",,"0409","GENERAL"
"GENERAL","2025","-5.657",,"0409","GENERAL"
"GENERAL","2025","30.086",,"0410","GENERAL"
"GENERAL","2025","-1.500",,"0410","GENERAL"
"GENERAL","2025","11.274",,"0411","GENERAL"
"GENERAL","2025","19.286",,"0412","GENERAL"
"GENERAL","2025","-6.109",,"0412","GENERAL"
"GENERAL","2025","15.570",,"0100","GENERAL"
"GENERAL","2025","-6.082",,"0100","GENERAL"
"GENERAL","2025","0.000",,"0201","GENERAL"
"GENERAL","2025","0.000",,"0202","GENERAL"
"GENERAL","2025","0.000",,"0203","GENERAL"
"GENERAL","2025","0.000",,"0204","GENERAL"
"GENERAL","2025","0.000",,"0205","GENERAL"
"GENERAL","2025","0.000",,"0205","GENERAL"
"GENERAL","2025","0.000",,"0207","GENERAL"
"GENERAL","2025","0.000",,"0206","GENERAL"
"GENERAL","2025","0.000",,"0211","GENERAL"
"GENERAL","2025","0.000",,"0212","GENERAL"
"GENERAL","2025","0.000",,"0210","GENERAL"
"GENERAL","2025","0.000",,"0208","GENERAL"
"GENERAL","2025","0.000",,"0209","GENERAL"
"GENERAL","2025","0.000",,"0209","GENERAL"
"GENERAL","2025","0.000",,"0213","GENERAL"
"GENERAL","2025","0.000",,"0214","GENERAL"
"GENERAL","2025","0.000",,"0215","GENERAL"
"GENERAL","2025","0.000",,"0216","GENERAL"
"GENERAL","2025","13.900",,"0507","GENERAL"
"GENERAL","2025","6.000",,"0508","GENERAL"
"GENERAL","2025","-2.000",,"0508","GENERAL"
"GENERAL","2025","6.688",,"0435","GENERAL"
"GENERAL","2025","12.236",,"0509","GENERAL"
"GENERAL","2025","2.940",,"0501","GENERAL"
"GENERAL","2025","9.353",,"0506","GENERAL"
"GENERAL","2025","12.091",,"0502","GENERAL"
"GENERAL","2025","17.504",,"0503","GENERAL"
"GENERAL","2025","9.000",,"0505","GENERAL"
"INSURANCE","2025","0.436",,"0100","INSURANCE"
"OTHER","2025","0.000",,"0202","OTHER"
"OTHER","2025","0.000",,"0207","OTHER"
"OTHER","2025","0.000",,"0209","OTHER"
"OTHER","2025","0.000",,"0210","OTHER"
"OTHER","2025","0.000",,"0212","OTHER"
"OTHER","2025","3.000",,"0434","OTHER"
"OTHER","2025","4.680",,"0407","OTHER"
"OTHER","2025","0.100",,"0302","OTHER"
"OTHER","2025","4.000",,"0501","OTHER"
"OTHER","2025","19.637",,"1675","OTHER"
"OTHER","2025","15.161",,"1672","OTHER"
"OTHER","2025","15.966",,"1670","OTHER"
"OTHER","2025","15.113",,"1671","OTHER"
"OTHER","2025","0.944",,"0517","OTHER"
"OTHER","2025","0.500",,"0523","OTHER"
"OTHER","2025","3.500",,"0511","OTHER"
"OTHER","2025","0.246",,"0510","OTHER"
"OTHER","2025","10.000",,"1400","OTHER"
"OTHER","2025","5.004",,"1405","OTHER"
"OTHER","2025","5.002",,"1406","OTHER"
"OTHER","2025","5.370",,"1407","OTHER"
"OTHER","2025","5.178",,"1408","OTHER"
"OVERRIDE","2025","0.000",,"0212","OVERRIDE"
"OVERRIDE","2025","0.000",,"0211","OVERRIDE"
"OVERRIDE","2025","0.000",,"0210","OVERRIDE"
"OVERRIDE","2025","0.000",,"0209","OVERRIDE"
"OVERRIDE","2025","0.000",,"0208","OVERRIDE"
"OVERRIDE","2025","0.000",,"0216","OVERRIDE"
"OVERRIDE","2025","0.000",,"0215","OVERRIDE"
"OVERRIDE","2025","0.000",,"0214","OVERRIDE"
"OVERRIDE","2025","0.000",,"0213","OVERRIDE"
"OVERRIDE","2025","0.000",,"0207","OVERRIDE"
"OVERRIDE","2025","0.000",,"0206","OVERRIDE"
"OVERRIDE","2025","0.000",,"0205","OVERRIDE"
"OVERRIDE","2025","0.000",,"0204","OVERRIDE"
"OVERRIDE","2025","0.000",,"0202","OVERRIDE"
"OVERRIDE","2025","0.000",,"0203","OVERRIDE"
"OVERRIDE","2025","0.000",,"0201","OVERRIDE"
"PUBLICWORKS","2025","0.761",,"0100","PUBLIC WORKS"
"SOCIALSERV","2025","0.826",,"0100","SOCIAL SERVICES"
